project_id,project_name,website,twitter,discord,reddit
monadsocial.near,Monad,https://monad.social/,https://twitter.com/monad_social,,
chloe.near,Chloethedev | δοῦλος,marmaj.org/chloe,chloethedev,,
proof-of-personhood.near,,,,,
questbook.near,,,,,
cryptoeconomiclabs.near,Crypto-Economic Labs,www.cryptoeconomiclabs.com/,cryptoeconlabs,,
777c043850460c64a3c5e18062defef938e51486cd02f67d1c7749ff3bdbff4e, sajjadii,hello.com,https://twitter.com/Sajjadiii_,,
pipar.near,Pipar,www.pipar.xyz,https://twitter.com/PiparHQ,,
2e4a196628d2e8dc574caf52556d50d468ac11e359e1f4a4172b0d9fbbad4758,Project X,,,,
huddlr.near,Huddlr.io,huddlr.io/,huddlr,,
solacefi.near,,,,,
darshanadeploy.near,,,,,
perennis.near,Perennis,perennis.earth,PerennisNetwork,,
qstn.near,QSTN,qstn.us,qstnus,,
delphyne.near,Delphyne,delphyne.io/,,,
de3verse.near,,,,,
lightency.near,,,,,
misha_levotski.near,Circus NEAR,www.instagram.com/misha_levotski/,https://twitter.com/levotski?t=0-Y4yXiQvLWcGfo7dfxNZw&s=35,,
veriken.near,Veriken,veriken.com,,,
sjamayee.near,Sideways,,,,
arium.near,Arium,ariumsites.com,olliechapman,,
hooh_official.near,,,,,
grvty.near,,,,,
thecarbongames.near,,,,,
zonaris.near,zonaris,www.zonaris.io/,https://twitter.com/zonaris_io,https://discord.gg/tBQXAEYs6b,
jobcrypt.near,,,,,
adashifinance.near,,,,,
primerlabs.near,Siddharth Kanungo,nearprimer.com,_wzard,,
nearinbox.near,,,,,
lincolngakuya.near,,,,,
is-on.near,,,,,
welldonestudio.near,,,,,
openwebacademy.near,Open Web Academy,ow.academy,openwebacademy_,XhGJXszkyc ,
induco.near,induco,induco.io,,,
multicall.sputnik-dao.near,,,,,
amplifyart.near,,,,,
markery12.near,Wallet Wallet,walletwallet.com,,,
cutdeckstudio.near,Cut Deck Studio Inc,www.cutdeckstudio.com/,MechanizeMayhem,,
murdermysterycollective.near,The Murder Mystery Collective,playmmc.io/,playmmc,,
sharddog.near,ShardDog,shard.dog,sharddog,,
2e77cb43eec84493cf57d93005f9b834ac93d787e41667f8c37222024e412656,droplinked,droplinked.com,,,
onboarder.near,OnboardDAO,onboarddao.org,onboard_dao,,
keypom.near,Keypom,keypom.xyz,keypomxyz,,
nearhorizon.near,Horizon,near.org/horizon,,,
kenjon.near,Test Vendor,www.ken.com,kenjonmiyachi,,
gymwallet.near,,,,,
genadrop.near,GenaDrop,genadrop.io,Genadrop,,
near,NEAR,near.org,,,
toolblox.near,Toolblox,www.toolblox.net,tool_blox,,
xravers.near,,,,,
arrozestudios.near,,,,,
nearpaddev.near,nearpad.dev,nearpad.dev,NEARpad,,
metalordz.near,,,,,
5racestreetnfthh.near,,,,,
chukhnina.near,B4B WORLD,b4b.world/,b4b_world,,
kwiktrust.near,,,,,
nearukraineguild.near,Near Ukraine Guild,bit.ly/3lCjTAH,nearuaguild,,
connect3world.near,,,,,
sympho.near,,,,,
coronet.near,,,,,
moonbasedao.near,MoonBase DAO Corp.,moonbase.app,moonbasedao,,
zomland.near,ZomLand,zomland.near,https://twitter.com/Zomland_Game,https://discord.com/invite/Te3GkcJPjt,
web4.near,Web4,web4.near.page,,,
williamxx.near,William X,creativesdao.org/,,,
coinnewsextra.near,,,,,
hideyourcash.near,,,,,
papercliptech.near,,,,,
loozr.near,Loozr,loozr.io,officialloozr,,
blackfilmguild.near,,,,,
bearverse2.near,,,,,
bynd.near,,,,,
thrivein.near,ThriveIN,thrivein.io,,,
takachain.near,TakaChain,null,,,
rajkaria.near,,,,,
lazyfi-learning.near,,,,,
hinepbot.near,Nepbot,nepbot.rog,nepbot4near,,
edunear.testnet,,,,,
alfi-o.near,CampFire,campfyr-org,,,
meta-pool-official.near,Meta Pool,metapool.app/,meta_pool,,
whendacha.near,El M,near.org,elm_money,,
mydev.near,HERE Wallet,herewallet.app/,p_volnov,,
better.near,,,,,
promo.fewandfar.near,FewAndFar,fewfar.com,FewandFarNFT,,
ampleplatform.near,Ample,ample.stream,ample_stream,MXEWnfSZYz,
superfungible.near,Superfungible,superfungible.co/,,,
geofightnft.near,,,,,
v1.pembrock.near,,,,,
ccc.sputnik-dao.near,,,,,
1fba6f6e8d955d7038c291238910419cc8478662415e85a7d8473392b191a690,Niftgen ,www.niftgen.com/,,,
marmajgaming.near,Marma J Gaming,marmaj.org/gaming/,marmajgaming,,
sociapol.near,,,,,
web3client.near,Web3Client,web3client.app,web3client,,
rogues.near,Rogues Studio,www.rogues.studio,rogues_studio,,
wulfrano.near,,,,,
bancambios.near,Bancambios ,bancambios.com,bancambios,,
nearhub-dao.sputnik-dao.near,,,,,
web3mon.near,Web3Mon,web3mon.io/,,,
alphafortress.near,,,,,
